appid,name,playtime_forever,img_icon_url,playtime_windows_forever,playtime_mac_forever,playtime_linux_forever,playtime_deck_forever,rtime_last_played,content_descriptorids,playtime_disconnected,has_community_visible_stats,playtime_2weeks,has_leaderboards
20,Team Fortress Classic,0,38ea7ebe3c1abbbbf4eabdbef174c41a972102b9,0,0,0,0,0,"[2, 5]",0,,,
50,Half-Life: Opposing Force,0,04e81206c10e12416908c72c5f22aad411b3aeef,0,0,0,0,0,"[2, 5]",0,,,
70,Half-Life,0,95be6d131fc61f145797317ca437c9765f24b41c,0,0,0,0,0,"[2, 5]",0,,,
130,Half-Life: Blue Shift,0,b06fdee488b3220362c11704be4edad82abeed08,0,0,0,0,0,"[2, 5]",0,,,
220,Half-Life 2,0,fcfb366051782b8ebf2aa297f3b746395858cb62,0,0,0,0,0,"[2, 5]",0,True,,
340,Half-Life 2: Lost Coast,0,795e85364189511f4990861b578084deef086cb1,0,0,0,0,0,"[2, 5]",0,,,
280,Half-Life: Source,0,b4f572a6cc5a6a84ae84634c31414b9123d2f26b,0,0,0,0,0,,0,,,
360,Half-Life Deathmatch: Source,0,40b8a62efff5a9ab356e5c56f5c8b0532c8e1aa3,0,0,0,0,0,"[2, 5]",0,,,
320,Half-Life 2: Deathmatch,0,795e85364189511f4990861b578084deef086cb1,0,0,0,0,0,"[2, 5]",0,,,
380,Half-Life 2: Episode One,0,795e85364189511f4990861b578084deef086cb1,0,0,0,0,0,"[2, 5]",0,True,,
400,Portal,908,cfa928ab4119dd137e50d728e8fe703e4e970aff,0,0,336,336,1730596805,,379,True,336.0,
420,Half-Life 2: Episode Two,0,795e85364189511f4990861b578084deef086cb1,0,0,0,0,0,"[2, 5]",0,True,,
35700,Trine,5,298185d8ef9d688fe96a5fa15ee8174892f1c000,0,0,0,0,1619829216,,0,True,,
6060,"Star Wars: Battlefront 2 (Classic, 2005)",8158,f6302406e215af8cff3533a747d30387f68bef2a,432,0,70,69,1718217601,,0,,,
6000,STAR WARS™ Republic Commando,3891,73d4fd5437a5491479c7235eef64cf7d5e2c2e8e,76,0,643,643,1724805238,,261,,,
32370,STAR WARS™ Knights of the Old Republic™,7257,018b6650c8de8c9c36d957cf6f8bc11d0c21d083,120,0,0,0,1612572392,,0,,,
35000,Mini Ninjas,0,02f702c604e0692b8185f1b0e94e013d0a242d3a,0,0,0,0,0,,0,,,
32390,STAR WARS™ Jedi Knight: Mysteries of the Sith™,0,e5af0881e086756eb98a963c8baed05830594f91,0,0,0,0,0,,0,,,
6030,STAR WARS™ Jedi Knight II: Jedi Outcast™,855,7f6bf88e9eca8e206b3659fd52d1a07324ee27cb,0,0,0,0,1484972138,,0,,,
6020,STAR WARS™ Jedi Knight: Jedi Academy™,833,2e359a8df71ea18ddd77fda3f6b307e6e86ef910,0,0,0,0,1413245690,,0,,,
32400,STAR WARS™: Dark Forces,267,be8c3aab8f42f91a84aef316027fd545638f9e13,1,0,0,0,1724183951,,0,,,
32380,STAR WARS™ Jedi Knight: Dark Forces II,104,be8c3aab8f42f91a84aef316027fd545638f9e13,0,0,0,0,1498103902,,0,,,
40700,Machinarium,99,33e11d52f0a2335671d7bf73341c14ae6e596809,0,0,0,0,1338274800,,0,True,,
32430,STAR WARS™: The Force Unleashed™ Ultimate Sith Edition,161,5a4a943e2b397aaffc6ec5f17e00c9f59e0ba88c,161,0,0,0,1665013979,,0,,,
32440,LEGO® Star Wars™: The Complete Saga,5524,096307d4ae0decd6a331e381f8dd464d75e3d9d6,576,0,0,0,1609656933,,0,,,
32470,STAR WARS™ Empire at War: Gold Pack,103,3f65d9be3af3083c07f1053dbf0b0653af7323b8,0,0,0,0,1527995290,,0,,,
32500,STAR WARS™: The Force Unleashed™ II,4521,88a3ef4f5cd4bbad37df743818bf379aaff014e8,0,0,0,0,1538439622,,0,,,
21130,LEGO® Harry Potter: Years 1-4,85,49af7348b4b6c51181c6210cb91b858d497610a2,85,0,0,0,1676158201,,0,,,
22610,Alien Breed: Impact,0,963d4d2b346f7258940a9bb9c8a5e319ec1bc781,0,0,0,0,0,,0,True,,
22650,Alien Breed 2: Assault,0,a10e00aa5fc77cc14deb38f7da48e5da40b18503,0,0,0,0,0,,0,True,,
22670,Alien Breed 3: Descent,0,276d9c54a181c2baf809c53c6172a5475866e693,0,0,0,0,0,,0,True,,
50300,Spec Ops: The Line,0,55ae859a90d61c08f18ed3aa0ee2579169d2c2bf,0,0,0,0,0,,0,True,,
42910,Magicka,6808,0eb97d0cd644ee08b1339d2160c7a6adf2ea0a65,148,0,0,0,1608768949,,0,True,,True
55100,Homefront,0,52d4f669d6aa00c92406457d430ed5aa6a035c54,0,0,0,0,0,"[2, 5]",0,True,,
32510,LEGO® Star Wars™ III: The Clone Wars™,1299,f31beeb0c5927a3347c5b064fbdd0f3e95fb68f5,1299,0,0,0,1633152228,,0,,,
620,Portal 2,2307,2e478fc6874d06ae5baf0d147f6f21203291aa02,696,0,244,244,1728325615,,0,True,,True
105600,Terraria,29624,858961e95fbf869f136e1770d586e0caefd4cfac,15251,0,546,546,1714853935,,1,True,,
107300,Breath of Death VII ,108,26685ef54eb9d6220dfba280542917fc24f5ecab,0,0,0,0,1325145600,,0,,,
107310,Cthulhu Saves the World ,2450,dd3f023ea459f8fedf927a5255523b7fc9ba6ad2,0,0,0,0,1558817764,,0,,,
70600,Worms Ultimate Mayhem,0,7caa0768906381efd8ad6381cfae8385647d6323,0,0,0,0,0,,0,True,,True
3830,Psychonauts,334,460b6471db7d83ee6943c1a87f7a9f2898634952,264,0,0,0,1619416137,,0,True,,
65800,Dungeon Defenders,3454,8de7e7e9af523591c34b713b0b21910058ab4169,3162,0,291,291,1719077021,,36,True,,
70620,Worms Crazy Golf,0,9a8c5e040b57d720ce15259053bcfad246a469fc,0,0,0,0,0,,0,True,,
70660,Worms Pinball,0,49db762d97583d351d208db2567a2112e4bb5646,0,0,0,0,0,,0,,,
70650,Worms Blast,0,b5f9ddaec3f6ee7c857b5eea863ea33e2edb3bab,0,0,0,0,0,,0,,,
200900,Cave Story+,2059,076431cdb43f9a04364076bf13f7010d8d2e0670,679,0,0,0,1615618055,,0,True,,
202200,Galactic Civilizations II: Ultimate Edition,0,74ef4f8f1c2b4879a54bd93b95eec8f5d20f3727,0,0,0,0,0,,0,True,,
98800,Dungeons of Dredmor,1684,4924fdf2a9c2cf45bd7d1dcfaa4c039c60b9d410,0,0,0,0,1340262000,,0,True,,True
67370,The Darkness II,0,6ca6291fe216a8cc5c56f01b1e7f83e396a8fa81,0,0,0,0,0,,0,True,,
201700,DiRT Showdown,0,cc23d301fb2dcd0fcb1c442ff26ccef79fb891da,0,0,0,0,0,,0,True,,True
207610,The Walking Dead,0,87a13ae0a2a76488792924aa8bb0dd8a7760f931,0,0,0,0,0,"[2, 5]",0,True,,
207690,Botanicula,455,ca4545ae01f2ea66c1e3304a0b4d7282005b32b4,0,0,0,0,1439398851,,0,True,,
200260,Batman: Arkham City GOTY,1630,746ecf3ce44b2525eb7ad643e76a3b60913d2662,727,0,0,0,1626290295,,0,True,,
12750,GRID,125,c9367af908a9527040b41f6323aee4507bcba722,68,0,0,0,1609618250,,0,,,
214340,Deponia,0,48a94d33cae6065b0bedf7eefd01bd5321c7c729,0,0,0,0,0,,0,True,,
35140,Batman: Arkham Asylum GOTY Edition,1551,e52f91ecb0d3f20263e96fe188de1bcc8c91643e,0,0,0,0,1520037921,,0,True,,
204300,Awesomenauts,0,4996933171d0804bd0ceb7b9a0e224b3139d18ba,0,0,0,0,0,,0,True,,
217200,Worms Armageddon,0,68c6d17bde9c578d91dd1e207b58eb4d8308ce40,0,0,0,0,0,,0,,,
214150,Galactic Civilizations I: Ultimate Edition,0,66df956909f51af564f8d6086c201004ab81aa51,0,0,0,0,0,,0,,,
209080,Guns of Icarus Online,0,968e8c0b7a55f0229392278123dfd486140c9421,0,0,0,0,0,,0,True,,
204120,LEGO® Harry Potter: Years 5-7,0,eb9617f00259ad2dee791ec91b4862447080f0cb,0,0,0,0,0,,0,True,,
208580,STAR WARS™ Knights of the Old Republic™ II: The Sith Lords™,6717,1c9e1a68198c15eb47b35c692fbfa5adeb7a6566,0,0,451,451,1725671242,,2,True,,
212680,FTL: Faster Than Light,2692,e8770ddb95fde0804694b116dfe3479f5a65900d,2076,0,0,0,1624399959,,0,True,,
220200,Kerbal Space Program,0,6dc8c1377c6b0ffedaeaec59c253f8c33fb3e62b,0,0,0,0,0,,0,,,
204360,Castle Crashers,2282,9b7625f9b70f103397fd0416fd92abb583db8659,1124,0,707,707,1723573913,,10,True,,
214510,LEGO® The Lord of the Rings™,0,aa7d4b19990dfe8e29de2bb90be5fcef58a78a89,0,0,0,0,0,,0,True,,
218680,Scribblenauts Unlimited,1958,e933a9993b7d0b905dbb37636a97339a2c277e0f,0,0,0,0,1540705822,,0,True,,
113020,Monaco,0,169e693854d9f70984987fa3b6b5f1f9eb27122a,0,0,0,0,0,,0,True,,True
230410,Warframe,3104,22064646470f4c53388ba87774c7ac10f0a91ffa,3104,0,0,0,1648963636,"[2, 5]",0,True,,
225260,Brütal Legend,0,e3f25fba8538e5fb1ead751e767c2774df4fb0b4,0,0,0,0,0,"[1, 2, 5]",0,True,,
210770,Sanctum 2,0,4cdfa1d19be460374a111b718ce3a204f21ea1dc,0,0,0,0,0,,0,True,,True
3910,Sid Meier's Civilization III: Complete,0,9cc953317dabd7b8e39690472872b37104b5e625,0,0,0,0,0,,0,,,
65930,The Bureau: XCOM Declassified,0,854f133d072a65e5577c2a21bf25ba863e4a6a23,0,0,0,0,0,,0,True,,
225080,Brothers - A Tale of Two Sons,0,9d6e8bcae597582734b382d8da93e5fa7b1c640b,0,0,0,0,0,"[2, 5]",0,True,,
252730,YOU DON'T KNOW JACK Vol. 1 XL,0,661e19e9ce9712cee6e522530c02360b508a03a6,0,0,0,0,0,,0,,,
253230,A Hat in Time,0,7b934282eeb45507669ed7c08378c51bb902721f,0,0,0,0,0,,0,True,,True
200170,Worms Revolution,261,15c154176bfa6bffabc7ebd31fd67de2485c6e1c,28,0,0,0,1614892480,,0,True,,
234000,Superfrog HD,0,ebdced188859df311f2dc7139462ac72d16c7979,0,0,0,0,0,,0,True,,
233130,Shadow Warrior,0,5d7c205ce18f17a99c95ff81499c2f496e0570f2,0,0,0,0,0,"[2, 5]",0,True,,
255520,Viscera Cleanup Detail: Shadow Warrior,0,56c3840d52a0da4f397d9991d368c75ed53d99fa,0,0,0,0,0,"[2, 5]",0,True,,
259940,YOU DON'T KNOW JACK Vol. 2,0,987297fc9a7cce0496acfb8bb73383b83ebaf8f5,0,0,0,0,0,,0,,,
259960,YOU DON'T KNOW JACK Vol. 3,0,6cbf75d46a17599afad43b9a8e765b6efb388180,0,0,0,0,0,,0,,,
259980,YOU DON'T KNOW JACK Vol. 4 The Ride,0,5c6019bf4dfbc1eb2fd78716e89430cea942ca10,0,0,0,0,0,,0,,,
260000,YOU DON'T KNOW JACK MOVIES,0,c42db39e1760c13752d88f4267ab53c358fec2a1,0,0,0,0,0,,0,,,
260020,YOU DON'T KNOW JACK SPORTS,0,ca4ffbd37eb1473daaab692cb877e9c6e9ca6f14,0,0,0,0,0,,0,,,
260040,YOU DON'T KNOW JACK TELEVISION,0,c82ce31ba0aad9fa68b728514a6ae8d54455d89d,0,0,0,0,0,,0,,,
260060,YOU DON'T KNOW JACK HEADRUSH,0,759a211787655f66d915d8f29e3c719f018b8330,0,0,0,0,0,,0,,,
221910,The Stanley Parable,636,d4958966dbc02d7a282c52552f71ce6910957b63,140,0,0,0,1606110311,,0,True,,
261110,Killer is Dead,0,4bb1ca7ca4ffa4be186bdf0d01d0f07c71283fd3,0,0,0,0,0,"[1, 2, 5]",0,True,,
264240,CONSORTIUM 2014,387,91ea9edf713013d8e6a212a8134609717840585a,0,0,0,0,1483413021,,0,True,,True
266310,GameGuru Classic,0,07c5b9b14641c60336cb89f05531f077dea2936a,0,0,0,0,0,,0,,,
211820,Starbound,0,4dbf4041c33eb2edfc41f552320a2e584519134c,0,0,0,0,0,,0,True,,
367540,Starbound - Unstable,0,9420b506fe5b00fd02d9005f1f5555358e3f71f7,0,0,0,0,0,,0,True,,
268870,Satellite Reign,3,b609806b16b6581548c7d2908f0f75936ea86f48,0,0,0,0,1526422434,,0,True,,
216090,Go Home Dinosaurs!,0,46cb7dbceca2e5dd7b4bf8856a84e5cbf680cbf4,0,0,0,0,0,,0,True,,
232790,Broken Age,636,4b859c6d3dbb58c102276516b4cff175e8dd4ea0,565,0,70,70,1729970370,,0,True,,
224480,Octodad: Dadliest Catch,211,a2def5192d16c9a997dfff6d4f1febcd28ee83f9,0,0,0,0,1515277655,,0,True,,
282070,This War of Mine,0,38ad6fd10e2b89ab24e8013584ece7961bebe086,0,0,0,0,0,[5],0,True,,
285160,LEGO® The Hobbit™,0,b36006499181631396618d8c32dad8c13c6263ae,0,0,0,0,0,,0,True,,
286000,Tooth and Tail,0,6f0da81e34946e4b7569dd04e07657f808773e55,0,0,0,0,0,,0,True,,True
286570,F1 2015,0,efba76526ca5cd18fabc9878c840ac583f08ead5,0,0,0,0,0,,0,True,,True
288470,Fable Anniversary,0,cf33f0a1796aabd7d0ce63af3acda1d81861ce5f,0,0,0,0,0,,0,True,,
34270,SEGA Mega Drive & Genesis Classics,0,2cda9462fbaf9309e5aedce99ad8452adf8a40bd,0,0,0,0,0,,0,True,,
238460,BattleBlock Theater,239,2f258aaff583d797812cdcf24830d5992f48733b,178,0,14,14,1724182691,,0,True,,True
280740,Aperture Tag: The Paint Gun Testing Initiative,152,64ca5b16b9daab9c30ed7a99d29f967e10e698ae,152,0,0,0,1608584541,,0,,,
312520,Rain World,145,5854494b840a18a660a495d6259d562b51f21240,0,0,145,145,1729310973,,0,True,,
265590,The Red Solstice,0,cc33fb26c140d04a20fb0fd5f549454458122322,0,0,0,0,0,"[2, 5]",0,True,,True
317400,Portal Stories: Mel,472,bf3360bc5594c6d1e8e0eeaaa2f7b09d6bf7a6e5,0,0,0,0,1522199983,,0,True,,
318600,The Flame in the Flood,0,c02a40cc55fcb8f37d02680b1ee0da53290da5bf,0,0,0,0,0,,0,True,,
320040,Moon Hunters,0,fc61b16cfd617414a286e338968dadf06a74c512,0,0,0,0,0,,0,True,,
323670,Super Indie Karts,0,4702ec43ad3a62b81d28572718f6f8226928e1f3,0,0,0,0,0,,0,,,
241930,Middle-earth™: Shadow of Mordor™,0,161afab3c9f725f593635723cc64a7fbeb324ead,0,0,0,0,0,,0,True,,
323220,Vagante,0,39723bd19ec6b125b10de1747b9974157d762785,0,0,0,0,0,,0,True,,
258970,Gauntlet™ ,0,183038d531a8cde7ac6aec03ca9bce7c49d4ca2e,0,0,0,0,0,,0,True,,
327070,Gloria Victis,0,e1459d15fd4144f9e556f2c1cf1c524ac0246d4a,0,0,0,0,0,,0,True,,
15700,Oddworld: Abe's Oddysee,0,146cabd04a2e1a813085fbc4511c10ca01fac51b,0,0,0,0,0,"[2, 5]",0,,,
331670,The Jackbox Party Pack,34,fef26835ea421361c1ba7e9f3ddad5fdaae2e581,34,0,0,0,1641012980,,0,True,,
305620,The Long Dark,0,e26b78087b75d5e002e92f2bdd73ce6fc4861e56,0,0,0,0,0,,0,True,,
334940,Yoku's Island Express,0,66f741cc9f86215db615bc7ed0910f6f15a01e53,0,0,0,0,0,,0,True,,
349730,Popup Dungeon,0,0276e171d08b42f98e4e8a5eb8e8ee749994a7b6,0,0,0,0,0,,0,True,,
354430,STAR WARS™: X-Wing Special Edition,563,0d828d0426d33e02f7b9f9d51736034115ebe640,0,0,0,0,1462576053,,0,,,
355250,STAR WARS™: TIE Fighter Special Edition,27,36ba1940435bc97506eba4f4944f5cdea731a17f,0,0,0,0,1517016388,,0,,,
356500,STAR WARS™ Galactic Battlegrounds Saga,0,c29991e260eb9e6df6f2d1eba06d9e535b5e5e9a,0,0,0,0,0,,0,,,
359840,Shift Happens,0,4babaa40ec39ec666b12b54487578770a178a657,0,0,0,0,0,,0,True,,
361670,STAR WARS™: X-Wing Alliance™,11,81cc8b5f944d7592662a265485a8be145623dce9,11,0,0,0,1608007233,,0,,,
361690,STAR WARS™ X-Wing vs TIE Fighter: Balance of Power Campaigns™,14,5d588cbee4f90e287bf95658b9fcc84ae048650f,14,0,0,0,1608051658,,0,,,
365670,Blender,156,48733cd333eea6e40711a1b9c6dde32ffe363ced,156,0,0,0,1696880525,,0,,,
238370,Magicka 2,1127,6c1ca2ff2c0f87c4d0a5378a9dbc7b7277bd239b,173,0,0,0,1626052979,,0,True,,
397080,Magicka 2: Spell Balance Beta,0,,0,0,0,0,0,,0,True,,
291550,Brawlhalla,40,c43fac31b8bf8821764603a14d09412bc3d45f66,40,0,0,0,1678393109,,0,True,,
391720,Layers of Fear (2016),0,0fc90b925c7bbdcc95df6599a01b80dff18e6bbb,0,0,0,0,0,,0,True,,
397460,The Jackbox Party Pack 2,160,b8977e5c5991a8ca261c3c77ab1125b3fc66bb88,160,0,0,0,1679872329,,0,True,,
400250,Heaven Island - VR MMO,0,870ea15929c9a6c56a9f8af94c402ae1478c0de0,0,0,0,0,0,,0,True,,
365450,Hacknet,330,2445c4ead6ee47784a326922271ec1c0b41d64e2,330,0,0,0,1609614801,[5],0,True,,
404540,Nex Machina,0,8bc02e3124a0f54328cf3bac0612675fa6c94207,0,0,0,0,0,,0,True,,
410700,System Shock: Classic,0,bf281779422082d9af5e4f46adc3123dd479690b,0,0,0,0,0,"[2, 5]",0,,,
410710,System Shock: Enhanced Edition,0,a88f9ba51194824ceeef8691c711016de62703ae,0,0,0,0,0,,0,True,,
413150,Stardew Valley,2203,35d1377200084a4034238c05b0c8930451e2fb40,0,0,2203,2203,1729559361,,0,True,,
418270,Draw Slasher,0,24e679ebbc2bf6f541f153c5af266dc83575a32a,0,0,0,0,0,,0,True,,
434170,The Jackbox Party Pack 3,486,2ad3706f17b4e4ab41a337c59a63972cf5d77032,486,0,0,0,1688173175,,0,True,,
438640,LEGO® STAR WARS™: The Force Awakens,146,371c51cb0cd1cdce9a5c5e0aad93fbc11727ab8c,0,0,0,0,1522448392,,0,True,,
441550,STAR WARS™ Rebellion,0,a2488fdf089076ddb52d0806be65e57bc71d4f24,0,0,0,0,0,,0,,,
442070,Drawful 2,20,a2aab99a9ec657f817aff247593b3310cae44288,20,0,0,0,1641012273,,0,True,,
445190,Expeditions: Viking,0,2379b1356388b0b976fbac8249154e1814f66441,0,0,0,0,0,,0,True,,
445980,Wizard of Legend,0,1177948ac90affc4ede111e2bb9f3f7b78122189,0,0,0,0,0,,0,True,,
448080,Fibbage XL,0,8ca1dcfac04dfe75d3a25c415165d1efe1284f7c,0,0,0,0,0,,0,True,,
448510,Overcooked,0,0f8cb2d03134bfbc0536dcc9a476d9ba3a1e67f5,0,0,0,0,0,,0,True,,
465200,Fury Unleashed,0,537c74691750b8a0b9fad10023d64779835989b8,0,0,0,0,0,"[2, 5]",0,True,,True
471810,Death Squared,317,cdb98c51ac4c696b198cd652b86c8359d77a244b,0,0,317,317,1714004855,,1,True,,
474960,Quantum Break,0,68c50addc599af219e4e135a81733a867c2986c2,0,0,0,0,0,,0,True,,
489830,The Elder Scrolls V: Skyrim Special Edition,0,0dfe3eed5658f9fbd8b62f8021038c0a4190f21d,0,0,0,0,0,"[1, 5]",0,True,,
494430,Praey for the Gods,0,0f0be9d92550a9664c1dc842d5fb09db70ee6cd6,0,0,0,0,0,,0,True,,
503560,911 Operator,0,823158b3e81e69f1fb9c355c86f05655575e6317,0,0,0,0,0,,0,True,,
510050,You Have 10 Seconds,0,6d86dcfda5ce2f3f90aed1e6853b885b7a36d2d4,0,0,0,0,0,,0,,,
516110,ToeJam & Earl: Back in the Groove,0,3743b40213477c5e902fabfb1493844877baf86e,0,0,0,0,0,,0,True,,
521880,RPG Maker VX,0,99917d9a05b7cbbf0ef110597bc81c0de4340000,0,0,0,0,0,,0,,,
526870,Satisfactory,0,ee3406fe5ec813b1987ad67e37e5cd6fb4f620e6,0,0,0,0,0,,0,True,,
530320,Wandersong,0,a7897f394ee223b6d9554160ee96ded613ddd674,0,0,0,0,0,,0,True,,
530930,Soulblight,0,97cac4cf7db8ae11dd2cf9f13e1ee893d701d89d,0,0,0,0,0,,0,True,,True
546430,Pathway,0,9ffd5f407ef365da34edc5a05eb64506955c6df5,0,0,0,0,0,,0,True,,
548430,Deep Rock Galactic,462,e033e23c29a192a17c16a7645a2b423ac64ff447,0,0,462,462,1726201335,[5],1024,True,,True
572890,Pikuniku,0,6160bb19bbf6e4d225d00fb0680176922070468a,0,0,0,0,0,,0,True,,
579720,Neverout,0,60a7a96fa0f4348574c0b5bd6cfc8276f53c496a,0,0,0,0,0,,0,,,
601360,Portal: Revolution,0,7afb1feec3db22a42a34ac59657a510647ff4b77,0,0,0,0,0,,0,True,,
607050,Wargroove,0,5d9f9be7eea6816578e46f07629a4dae8cec3b59,0,0,0,0,0,,0,True,,
610180,The Jackbox Party Pack 4,0,90a9ae59123b4c52b970f11b14eb655063b8dbf5,0,0,0,0,0,,0,True,,
622890,NecroWorm,0,2c74582b34a6a355fe7f3645b43809746bf636b6,0,0,0,0,0,,0,True,,
631770,Pixplode,0,27b4db719d167940f06626582a35d798a9dfadbc,0,0,0,0,0,,0,True,,
636070,Corridor Z,0,3c1df6cf972fc17f0c08782a5e42e94c3ec4446c,0,0,0,0,0,,0,True,,
392110,ENDLESS™ Space 2,0,0c827b1aec045d2a84898263400990561b6a3068,0,0,0,0,0,,0,True,,
645630,Car Mechanic Simulator 2018,0,f793ad58cbe121b079a40f9e560ad6d957ede22d,0,0,0,0,0,,0,True,,
646570,Slay the Spire,0,33ea124ea8c03a9ce7012d34c3b348a351612fca,0,0,0,0,0,,0,True,,True
218620,PAYDAY 2,0,a6abc0d0c1e79c0b5b0f5c8ab81ce9076a542414,0,0,0,0,0,,0,True,,
673190,All-Star Fruit Racing,63,f54b274f50c98103e840c79b8d60c9fac3361b26,24,0,38,38,1704258433,,0,True,,
323580,Jotun: Valhalla Edition,0,69b336a11a1e8acee4034b970a89c1df7cf53b32,0,0,0,0,0,,0,True,,
414340,Hellblade: Senua's Sacrifice,0,8a5d8f2d1cb52b21eaf4f6609592c6634731c962,0,0,0,0,0,"[2, 5]",0,True,,
747350,Hellblade: Senua's Sacrifice VR Edition,0,8a5d8f2d1cb52b21eaf4f6609592c6634731c962,0,0,0,0,0,"[2, 5]",0,True,,
701160,Kingdom Two Crowns,0,7bf44c4e301a0f6fae78f697b39b5a1268223945,0,0,0,0,0,,0,True,,
718650,Driftland: The Magic Revival,0,2c2e3e5f586255c829129fba3b1d76b0fbc20682,0,0,0,0,0,,0,True,,
723100,Orbital Racer,0,ea7f9efaa1e8d399430da8d4a40d77bee50f9901,0,0,0,0,0,,0,,,
748300,Treasure Hunter Simulator,0,9f7628639272a215819f5602b9b993b49fecf09f,0,0,0,0,0,,0,True,,
757310,Sable,0,99b24f25b351f471e84ac9f3a25498505b679695,0,0,0,0,0,,0,True,,
231430,Company of Heroes 2,0,5e7e1866fb4f33a17393b0441cd1c750dbd91c5f,0,0,0,0,0,,0,True,,
368230,Kingdom: Classic,0,0d741624c643448ff74741f50a4b80a24529b869,0,0,0,0,0,,0,True,,
767360,Monster League,97,543fcc67544a3f5e6b6a6fec4e51e011ee385275,97,0,0,0,1680479561,,0,,,
774461,The Jackbox Party Pack 5,37,aeb323dc48943fe83a588db94b2e9d48d4f2bdcd,37,0,0,0,1688175402,,0,True,,
785890,Hexologic,0,7bedc0ef6e2d0fba292e2cad90d0166fb670319c,0,0,0,0,0,,0,True,,
793460,112 Operator,0,c7969b412c7fb346e46e35c7478dc3f641863d09,0,0,0,0,0,,0,True,,
209670,Cortex Command,167,2976d0e44d338d1f6136d222d8b2a764a1dfee2e,167,0,0,0,1582249831,,0,True,,
464920,Surviving Mars,0,6c0bbf943ed725a16304161b89061ac1d37f6a2a,0,0,0,0,0,,0,True,,
803330,Destroy All Humans!,1154,f6679705155ed59580d9d6c9a8b13b577c9db776,1154,0,0,0,1640936549,"[2, 5]",0,True,,
813630,Supraland,0,e5def2d820a777ad0408249b8fa5deffae645d19,0,0,0,0,0,,0,True,,
834450,Roarr! Jurassic Edition,0,5f1ef6f31fff659a3e498bd3f5c051904871a745,0,0,0,0,0,,0,True,,
844260,Rustler,0,585b68bf670f80effae05a288145da2d99dd0898,0,0,0,0,0,"[2, 5]",0,True,,
846030,ΔV: Rings of Saturn,0,771dc9759f856ccd5f2949d74199b58388dd7d0c,0,0,0,0,0,,0,True,,True
847370,Sunset Overdrive,0,9870dc3dc81444a78503eecb9ca54a9628a836f5,0,0,0,0,0,"[2, 5]",0,True,,
867400,Out of Reach: Treasure Royale,0,1393ea8d87b141e680160efa0ec7f84298952934,0,0,0,0,0,"[2, 5]",0,True,,
870780,Control Ultimate Edition,0,3438e3a03c82194349d66f99ee642ba59cbcc3dc,0,0,0,0,0,"[2, 5]",0,True,,
871530,Radio Commander,0,e9a2b119142d817bbafb72dba14d03415463381a,0,0,0,0,0,[5],0,True,,
873940,Crying Suns,0,bc3c7526604677b0d84e7d320104798259d27dc7,0,0,0,0,0,,0,True,,
356190,Middle-earth™: Shadow of War™,0,316c479e5d51d21e15eb8f82338fce82c42c4115,0,0,0,0,0,"[2, 5]",0,True,,
714010,Aimlabs,17,15347de11efc127539c388e585af9e92d10d5189,0,0,17,17,1712435487,,0,True,,True
905340,Heave Ho,1115,40c4305497de0d0ea540632e82dac34987354be8,879,0,235,235,1722874920,,0,True,,
916100,Telefrag VR,0,0e9080705b6027e5086bc7e2286ca6c8185e81eb,0,0,0,0,0,"[2, 5]",0,True,,
304390,For Honor,0,64dd8eca34f0b5faeda135f057da1973806852f2,0,0,0,0,0,"[2, 5]",0,,,
654310,For Honor - Public Test,0,64dd8eca34f0b5faeda135f057da1973806852f2,0,0,0,0,0,"[2, 5]",0,,,
938560,INMOST,0,c6b45ebe82fe7eb161cc06d86fbc2316918e7182,0,0,0,0,0,,0,True,,
966330,Flower,0,1322a0a4ab88b0a748cbcb24f39c5f34aac93aa8,0,0,0,0,0,,0,True,,
990080,Hogwarts Legacy,156,a9ecb94f249768d0ee5ccecbffe8d8c06d9bed59,156,0,0,0,1678670837,,0,True,,
993090,Lossless Scaling,25,42900f430ed7828d2dfa25f07ac02e3de96bc520,25,0,0,0,1724103338,,0,,,
996580,Spyro™ Reignited Trilogy,395,58d9d5bb243382cdb00259733d71e7621f502a2d,395,0,0,0,1660247097,,0,True,,
449960,Book of Demons,0,d1984fec656bac08a20b4fdd9d6c9e272295c5d7,0,0,0,0,0,,0,True,,True
998740,Ring of Pain,0,ed6af653684527f88d189ad86ed958c106931d5b,0,0,0,0,0,,0,True,,
412020,Metro Exodus,0,f9863ed0ffc717b130744488f088ae95fe6e9bd8,0,0,0,0,0,"[2, 5]",0,True,,
1449560,Metro Exodus Enhanced Edition,0,f9863ed0ffc717b130744488f088ae95fe6e9bd8,0,0,0,0,0,,0,True,,
1005300,The Jackbox Party Pack 6,124,3714884d0e785cef24ab19d38d1fba62a3690e2e,124,0,0,0,1637888031,,0,True,,
1016790,West of Dead,0,5eb00dd429aa9345a0ce57632b9b37370580695e,0,0,0,0,0,,0,True,,
1026420,WARSAW RISING: City of Heroes,0,70ad55891ec292140e7180744d3427555bc2bced,0,0,0,0,0,,0,True,,
1040420,Dreamscaper,0,a824069ac6ebef131f1e29e7c9a73fbab320548b,0,0,0,0,0,,0,True,,
1042490,Call of the Sea,0,ec91d394beed7123356920cc1ad1bd7700540ff0,0,0,0,0,0,,0,True,,
1058020,"STAR WARS™ Battlefront (Classic, 2004)",781,ac529a70f5fb54548e55c3dad45c9548a7a162d4,763,0,18,18,1695588843,,0,,,
1061180,Crumble,111,0e5e3554e387e467d4aeb7de80a26c74a35df017,0,0,111,111,1704301676,,20,True,,True
1069030,EarthX,0,d02690c9e92f65576fd2b82c4e143db6ee39dff8,0,0,0,0,0,,0,True,,
1078760,Motorcycle Mechanic Simulator 2021,0,6ddee20ca352fada6bf3929dff55b70221c67eb3,0,0,0,0,0,,0,True,,
1085510,Garfield Kart - Furious Racing,0,dbb7640f3d7b8027eadf708d899031390b1fe694,0,0,0,0,0,,0,True,,True
1103730,Shing!,0,47ba0cdaeac6187e859cd58332b60142570ab18d,0,0,0,0,0,"[2, 5]",0,True,,
976730,Halo: The Master Chief Collection,181,196a45d8df1981ff6b6b1872a38dc38f6c22875d,181,0,0,0,1618794654,"[2, 5]",0,True,,
1128810,RISK: Global Domination,6,ecc6f7301e88a88e93edec1a3d4ddcc7ec9c5335,6,0,0,0,1639964803,,0,True,,
1142080,Pawnbarian,0,833d04777db38703b08d31565c4c33528f1e7e72,0,0,0,0,0,,0,True,,
1154810,Going Under,0,50a1e9277f9b2024a1fafdf407b3ec3889389a96,0,0,0,0,0,,0,True,,
1085660,Destiny 2,0,fce050d63f0a2f8eb51b603c7f30bfca2a301549,0,0,0,0,0,,0,True,,
1186640,Pumpkin Jack,40,0d98a9c616c3b14006188e95340cba712d94b42a,0,0,40,40,1729535796,,0,True,,
1191900,Say No! More,0,30f0e4ab7334177f5a99fb8e453e55c545dcd747,0,0,0,0,0,,0,True,,
408410,X-Morph: Defense,0,e0ca86b7d68b68066cdafed1d1ce412a4c6cba28,0,0,0,0,0,,0,True,,
1225560,Unravel,11,6746371712b83b3c45e282862ad3f466b6a791d9,11,0,0,0,1724185157,,0,True,,
1225570,Unravel Two,0,e47fb3108c7590af816e13f216500036ca32203f,0,0,0,0,0,,0,True,,
1230800,Beach Buggy Racing 2,0,1f676b53fa54a3734c83779dae551342e2b68746,0,0,0,0,0,,0,True,,
322500,SUPERHOT,0,81839f0d50cb3e54c9aa7c69c04916f1e53d8c35,0,0,0,0,0,,0,True,,
1237950,STAR WARS™ Battlefront™ II,94,dbdd20f60579c3695427801a7b8d9844cf3e428b,0,0,94,94,1727555312,,0,True,,
1281930,tModLoader,9,e8a125078a31b8475994e8ce4d8d6fdd6becc131,9,0,0,0,1633211466,,0,,,
1285670,Post Void,0,a312a35d1d85a8c69b8a7eadf30bda69b0eae0d6,0,0,0,0,0,"[2, 5]",0,True,,True
1286830,STAR WARS™: The Old Republic™,1032,cee1e2970e9535767d963bf3c2c4011adb100609,1032,0,0,0,1674524094,,0,True,,
1332010,Stray,633,7794cc0b4e70bd3e4b9a0d07e2570ab8668c5f0b,633,0,0,0,1660542564,,0,True,,
638230,Journey,0,8538c0cb998e844ce5c78683f322e9ca81075a34,0,0,0,0,0,,0,True,,
1383960,Nickelodeon Kart Racers 2: Grand Prix,0,672061795b9cced24dba663f907e90b01222740a,0,0,0,0,0,,0,True,,
1016120,PGA TOUR 2K21,0,77ea22d83bb0184d54d5251b06e9ec45976a676d,0,0,0,0,0,,0,True,,
1410640,Syberia - The World Before,0,e3273f18903c25b6b034b9717bdd3e318b80ed4a,0,0,0,0,0,[5],0,True,,
1421230,Syberia The World Before - Prologue,42,3ecd8b8b14a78a771eca576ddb1acad57ec6be53,42,0,0,0,1608330637,[5],0,True,,
1426210,It Takes Two,2417,6b15f6d81c4fc52056f4928b363b7fac591a945b,2289,0,127,127,1720920927,,0,True,,
1433860,The Amazing American Circus,0,d1014e864c30408dd4cb3d1ace107e5716054c82,0,0,0,0,0,[5],0,True,,
1440670,Zeepkist,0,2bcf55b8617eb87c565d29f36d08609fd97d904d,0,0,0,0,0,,0,True,,
1481400,Dagon,0,854ec49de1b5b2032a1b251ce0770947b0df195c,0,0,0,0,0,,0,True,,
1506440,Batora: Lost Haven,0,ba7905df94f9b4d9a61003141cc1965d38251c0c,0,0,0,0,0,,0,True,,
1506510,The Ramp,9,a799861768617851f2396d71ada01819a7226ba0,0,0,9,9,1704671143,,0,True,,
537800,Bomber Crew,0,8af44d76dd3688b8b5b12a7fd9091f6d32fd3703,0,0,0,0,0,,0,True,,True
245170,Skullgirls 2nd Encore,0,0931d59aa0e33244275f4fa6c4409816ccf00296,0,0,0,0,0,,0,True,,
616560,Ultimate Epic Battle Simulator,0,808ec0919be68550c107fc513522633dc7656885,0,0,0,0,0,"[2, 5]",0,,,
582660,Black Desert,0,bf5ccace0a692720984827bf042143d0d4b28a42,0,0,0,0,0,"[1, 5]",0,,,
43110,Metro 2033,0,a70fe6dc214f24107d20596f3040dbfa220ed42d,0,0,0,0,0,[5],0,True,,
351510,Quiplash,81,5e089d7b28f730310523c1ce4139ccee230dbd55,81,0,0,0,1624586595,,0,True,,
1607680,Bread & Fred,0,fcfff47466da4d40a2f1aa12fc941e2955f55038,0,0,0,0,0,,0,True,,
1620040,Nickelodeon Kart Racers 3: Slime Speedway,0,6c4fd0faff1823f80da98f39794ad1e27c5c499e,0,0,0,0,0,,0,True,,
94300,The Dream Machine,0,6c876b1ffd82d9aeb59cdde2520c6939610e0acc,0,0,0,0,0,,0,True,,
46500,Syberia,36,bd19a0149639c539662f8bfc6086623dcd517214,0,0,36,36,1730421408,,0,,2.0,
46510,Syberia 2,0,7648a84341ef713722ca5a33a962defe39f3e5b8,0,0,0,0,0,,0,,,
924970,Back 4 Blood,0,4a2e853e7098bb0ebe637107e8180084a3117184,0,0,0,0,0,"[2, 5]",0,True,,
571310,SteamWorld Dig 2,1186,dd93b3ef55eca4f9b30dac04450bf03fed2c31a6,1186,0,0,0,1654029590,,0,True,,
1817070,Marvel’s Spider-Man Remastered,1243,346333cb340139ad8b697005e5c79a3162c387b0,804,0,439,439,1728509688,,3,True,,
204450,Call of Juarez Gunslinger,0,b9a00d132852719cd6e6c2be3f3d0fdf669ed7ce,0,0,0,0,0,,0,True,,
920210,LEGO® Star Wars™: The Skywalker Saga,2737,568a07f03f8dba0b74c4a02f6ebb43ce5e09075c,1071,0,1666,1666,1716400900,,20,True,,
1902490,Aperture Desk Job,32,3e71e5682e61ce692a4475b9d16ea6e026ac3233,0,0,32,32,1695423482,,0,,,
520720,Dear Esther: Landmark Edition,0,886a70c7c78c240da7daa1de01490b44c9855f89,0,0,0,0,0,,0,True,,
1929870,Nomad Survival,1976,af66323cd4d2a0ad17d326a9c576fbd1a63ab8d5,0,0,1976,1976,1731296658,,0,True,21.0,
1981820,Strike Force Heroes,400,01c92871b5a3ceedcb1b3d613241682cd22b2fa3,0,0,400,400,1722655950,"[2, 5]",32,True,,
1985690,The Looker,0,3171264caf25b765083dfd21a5f9c7ba099fe56f,0,0,0,0,0,[5],0,True,,
2012840,Portal with RTX,0,611a08d5cfa11033ef96de3ba890ba379dd76fa1,0,0,0,0,0,,0,True,,
346110,ARK: Survival Evolved,0,fef1799533131c10f538d2dd697bbbd89e663265,0,0,0,0,0,,0,True,,
407530,ARK: Survival Of The Fittest,0,807c673cddebbfee0700a947a75f4872ad136e9b,0,0,0,0,0,,0,,,
552500,Warhammer: Vermintide 2,0,a671f2ddf7359beba9702ac097baf6d50cb07202,0,0,0,0,0,"[2, 5]",0,True,,
40990,Mafia,0,3c86a0fd4f94a97b6f4ce31b5c31532e2098fe7b,0,0,0,0,0,"[2, 5]",0,,,
1774580,STAR WARS Jedi: Survivor™,2744,25578ffb2c6070c5d4e6569624efaadb8a0f5538,1075,0,1669,1669,1731295291,,0,True,322.0,
1872550,Destroy All Humans! – Clone Carnage,0,73f583e6f91859a2f78dd6e5ca4a9099500b1e70,0,0,0,0,0,"[2, 5]",0,True,,
1294660,Divine Knockout (DKO),0,2f2112d19f357a6bdaccafbdda5bd3ad82bb0d9f,0,0,0,0,0,,0,True,,
493540,Figment,0,2715c4d5cba6b7f5a3a4b403a9723d86d8c68ea4,0,0,0,0,0,,0,True,,
2324650,The Murder of Sonic the Hedgehog,0,0da85d6bca94f4e4e81b71deb3145859d094d5d1,0,0,0,0,0,,0,,,
1712840,Tiny Tina's Assault on Dragon Keep: A Wonderlands One-shot Adventure,0,244954d1c6b9516a6a14c534ad0162b36cd7cbe8,0,0,0,0,0,,0,True,,
263060,Blockstorm,0,883b2cee32047782e366da6c1cad39e87a4b630f,0,0,0,0,0,,0,True,,True
1144770,SLUDGE LIFE,0,cd91eebd4b1f4064f460769fd8477fb7a6a2bffa,0,0,0,0,0,"[1, 5]",0,True,,
544610,Battlestar Galactica Deadlock,0,9f04e46ee137eac4bcd300c566c91c858abb3c55,0,0,0,0,0,,0,True,,
226620,Desktop Dungeons,0,f4c30e39f4ce6da904793d7c91db59a0a70b8b3a,0,0,0,0,0,,0,True,,
660160,Field of Glory II,0,69e42fb6bde64f155cd5efc2f5c5a4642c18e9a4,0,0,0,0,0,,0,True,,
43160,Metro: Last Light Complete Edition,0,7b84b80d2cebe41ba87c59b28e2473d3b33e797d,0,0,0,0,0,[5],0,True,,
1180660,Tell Me Why,0,6eb40e6f71226ce5bea75601a1ec0f9d6f647dd1,0,0,0,0,0,[5],0,True,,
2446550,STAR WARS™: Battlefront Classic Collection,922,27f4cf90d3625946e0b0f4a5b0b27a672cac8577,0,0,922,922,1730421183,,20,True,16.0,
383270,Hue,0,48682a5e83cf7f011a15b68f460a972635742d06,0,0,0,0,0,,0,True,,
2230110,Fae Farm,2366,381beb0cf0db04904fbf310287a27a3f0781230a,0,0,2366,2366,1714448180,,0,True,,
282800,100% Orange Juice,0,baaf4be38deeb8a631567ee6c651ca23b65c834a,0,0,0,0,0,,0,True,,True
289130,ENDLESS™ Legend,0,02277be6b9b09671b857948006316057974d7036,0,0,0,0,0,,0,True,,
489630,"Warhammer 40,000: Gladius - Relics of War",0,ba6ea4fbeec62073763e103450e8aa7c5373d010,0,0,0,0,0,,0,True,,
569610,Distant Space,0,1cfe852a7e1054108d50d2a3b28219411b776bc4,0,0,0,0,0,,0,True,,
585690,Minimalism,0,7c42783fcca64ee838bafc8a823af8b883ad0cf3,0,0,0,0,0,,0,True,,
